{"human": {"1": 0.107253635659413, "2": 0.12779218648325072, "3": 0.12194054755475651, "4": 0.1469757265173318, "5": 0.1248235446659542, "6": 0.1467281249044923, "7": 0.1276819006272999, "8": 0.10116438489347701, "9": 0.10558675386036671, "10": 0.11965042187201759, "11": 0.15160579939458033, "12": 0.20523557737239553, "13": 0.12294211439579975, "14": 0.11128537194634727, "15": 0.09035347109950898, "16": 0.09506696675937734, "17": 0.112092726896279, "18": 0.09983636301310242, "19": 0.1039354149356642, "20": 0.11415843576016703, "21": 0.09216234985435387, "22": 0.10323758449024424, "23": 0.13239793927928278, "24": 0.11692194404038196, "25": 0.12638419865124487, "26": 0.11044694011416546, "27": 0.10172110707764051, "28": 0.10974829689192371, "29": 0.10131542608136876, "30": 0.12193584181438087, "31": 0.36346498510132624, "32": 0.47391473770765163, "33": 0.9885968779302936, "34": 1.4751294263800403, "35": 1.8829978625729835, "36": 1.7528511220838425, "37": 0.8962153025737155, "38": 0.5459576536551227, "39": 0.3804710213631345, "40": 0.32742120545431463, "41": 0.7301805684476196, "42": 0.3678254897657311, "43": 0.5913526491676407, "44": 0.8403442456382962, "45": 1.4292827799539098, "46": 1.5816862224830004, "47": 1.6556470185573746, "48": 2.01456814851229, "49": 1.4019131945157794, "50": 1.1891941931224388, "51": 0.8576909169931691, "52": 0.8495316858056722, "53": 0.4620245840052097, "54": 0.32317570034358933, "55": 0.3125820692377771, "56": 0.44459580377251245, "57": 0.2959659883054005, "58": 0.19284442976854088, "59": 0.17631230235054518, "60": 0.17709814121755027, "61": 0.1291130815295045, "62": 0.11977311315855242, "63": 0.1288388308156952, "64": 0.11651452203206485, "65": 0.10513963750225841, "66": 0.1092851094758552, "67": 0.11118030753020909, "68": 0.10573394083609705, "69": 0.13116168625426639, "70": 0.13803964195739934, "71": 0.1263345176228365, "72": 0.10452782414557246, "73": 0.09498395295637502, "74": 0.11774585605594635, "75": 0.11386270561733201, "76": 0.09296349216775512, "77": 0.11876756366253038, "78": 0.10917851301938655, "79": 0.11216252105922642, "80": 0.10788772715912372, "81": 0.10328184843034684, "82": 0.09339709452125906, "83": 0.10768932032650225, "84": 0.096057737573059, "85": 0.1315229745999007, "86": 0.11902251106511927, "87": 0.15641755162461132, "88": 0.1859880472333378, "89": 0.13221713561872497, "90": 0.1458378105606594, "91": 0.11256650184007236, "92": 0.09830261425935626, "93": 0.09193801969589945, "94": 0.10309263931874439, "95": 0.13115355305832746, "96": 0.12227653199567273, "97": 0.13419339120201895, "98": 0.14500085786809477, "99": 0.10858110074646705, "100": 0.11202245137420502, "101": 0.14670899169803894, "102": 0.13170553404711816, "103": 0.11666523619507471, "104": 0.11894429304606392, "105": 0.09931154324816538, "106": 0.08879446767875841, "107": 0.0898339861312994, "108": 0.10902391212231188, "109": 0.10107719418075035, "110": 0.12347764972905353, "111": 0.1577025758984044, "112": 0.12895218604605369, "113": 0.10821359529422458, "114": 0.2361315292153289, "115": 0.35715662013540506, "116": 0.3447765580416975, "117": 0.5467736013670399, "118": 1.0214595722348203, "119": 1.1625385341030257, "120": 1.5773618309327984, "121": 1.371621398588426, "122": 1.116684986047157, "123": 1.335193094612481, "124": 0.9551356677699767, "125": 0.5879587400041575, "126": 0.40102390207714306, "127": 0.27978466150840825, "128": 0.30342768887026855, "129": 0.2669883182131306, "130": 0.25373060144688087, "131": 0.22374612397030105, "132": 0.14409060796493076, "133": 0.11216387943518219, "134": 0.14772284361298005, "135": 0.11926444516924646, "136": 0.09479297645988352, "137": 0.09912635544735299, "138": 0.12716486844186226, "139": 0.11441839191592293, "140": 0.11345439458652831, "141": 0.11465149813151904, "142": 0.1169640788507591, "143": 0.1625862293388587, "144": 0.1425260269441125, "145": 0.11621723255647909, "146": 0.11780564866950768, "147": 0.1500270301827038, "148": 0.15359705455154193, "149": 0.1089011483392717, "150": 0.13152218535477617, "151": 0.11256461291435597, "152": 0.1596791468915489, "153": 0.13362023297938222, "154": 0.1611235538796795, "155": 0.14326323363594154, "156": 0.09943390924368964, "157": 0.13859339411725127, "158": 0.11161789323466446, "159": 0.10832007778053135, "160": 0.13810943011968516, "161": 0.1761789607304561, "162": 0.1289765171324295, "163": 0.09727732973134948, "164": 0.115785668627315, "165": 0.1406691225981733}, "mouse": {"1": 0.18863856793716802, "2": 0.1146604808047536, "3": 0.11181820814496524, "4": 0.1226050691720017, "5": 0.12931171384599252, "6": 0.12448180133861553, "7": 0.11671885319001073, "8": 0.11999807756715768, "9": 0.11146157509413179, "10": 0.11653175299438738, "11": 0.15514474182967977, "12": 0.1497519658309119, "13": 0.11879837330114985, "14": 0.13067249627294278, "15": 0.13969524722555568, "16": 0.1005027258191774, "17": 0.10961506477485987, "18": 0.12258587181829514, "19": 0.09694864323620546, "20": 0.08497677805058206, "21": 0.1271116004878372, "22": 0.12184955023698756, "23": 0.11251548838840848, "24": 0.11863204689280177, "25": 0.15683984152804079, "26": 0.14578846395966544, "27": 0.11278453660534718, "28": 0.10382895189071814, "29": 0.13779364746705197, "30": 0.13206236595658566, "31": 0.31333042140839323, "32": 0.4998133665558753, "33": 0.6520987924829411, "34": 0.8733708619583612, "35": 1.51326772937043, "36": 1.2286335616401518, "37": 0.8765033386177231, "38": 0.5619204168707855, "39": 0.5653221852670977, "40": 0.7480720351554353, "41": 1.0831078912379255, "42": 0.5342899529986519, "43": 0.5674101605621152, "44": 1.1484266799690408, "45": 2.3996004891019327, "46": 2.354088383497207, "47": 2.052210561918673, "48": 2.2079778988233594, "49": 1.3595059631692368, "50": 1.3332988435081328, "51": 0.9914695150773721, "52": 0.6832318324118819, "53": 0.547759233439293, "54": 0.4490106359416852, "55": 0.3470982126818141, "56": 0.28786089652708885, "57": 0.27488783070559386, "58": 0.23091813684717985, "59": 0.16620912628131304, "60": 0.13126927442143424, "61": 0.12210714128943952, "62": 0.11647464258643424, "63": 0.07620682640522236, "64": 0.10053760728451748, "65": 0.11819981551203147, "66": 0.10595525539030266, "67": 0.11439857612841951, "68": 0.10644728551683577, "69": 0.1606903180600853, "70": 0.1165138321136171, "71": 0.11466447150049679, "72": 0.10396391104659682, "73": 0.12777676749068154, "74": 0.1313497625172278, "75": 0.12496413028673388, "76": 0.10061702076197633, "77": 0.10470248842778358, "78": 0.107096176384377, "79": 0.11886060486251233, "80": 0.1295009102935856, "81": 0.11462733358089186, "82": 0.14244864748418748, "83": 0.11039601051786825, "84": 0.12005499861796709, "85": 0.1480587350435709, "86": 0.14064184356601966, "87": 0.11073778659632279, "88": 0.19751361753603186, "89": 0.11124756061403071, "90": 0.15220305085176458, "91": 0.1213985029366117, "92": 0.12451072060519293, "93": 0.1019496799622024, "94": 0.10736918647667848, "95": 0.10879957791907706, "96": 0.11228543399105827, "97": 0.07629194704049655, "98": 0.10048426055127445, "99": 0.10142532482136667, "100": 0.1174165156053063, "101": 0.12037473264275356, "102": 0.11494351778840316, "103": 0.12444554773947421, "104": 0.10997507960565424, "105": 0.08678558343129653, "106": 0.10770624768146136, "107": 0.07423621237304577, "108": 0.09576201638620059, "109": 0.10025752557415593, "110": 0.12105363677673853, "111": 0.09328211904595503, "112": 0.0973046395321721, "113": 0.132604397970467, "114": 0.2533718509543013, "115": 0.3858975376627646, "116": 0.3760803881870304, "117": 0.541927614061809, "118": 0.8873230982342378, "119": 0.9297744025696363, "120": 1.4360942005509707, "121": 1.5826496735142144, "122": 1.1518596916594823, "123": 1.3409011387068184, "124": 1.1592416620257684, "125": 0.5542336158194899, "126": 0.41929692888260117, "127": 0.3259456305566325, "128": 0.3243068395772175, "129": 0.3475382100902001, "130": 0.3120830158137302, "131": 0.20096682704985797, "132": 0.10750945011418046,