{
  "human": {
    "zspan": [
      -19.64909470701444,
      20.897588111784785
    ],
    "tm_len": 40.546682818799226,
    "min_radius": 0.6539603377155283,
    "min_z": 15.850905292985559,
    "frac_below_1A": 0.17073170731707318,
    "max_radius_tm": 3.076770794307382
  },
  "mouse": {
    "zspan": [
      -19.27347930944206,
      21.053124231432978
    ],
    "tm_len": 40.32660354087504,
    "min_radius": 0.7862174340048356,
    "min_z": -10.27347930944206,
    "frac_below_1A": 0.09876543209876543,
    "max_radius_tm": 2.5192600071905735
  }
}